contrast,left,right,dataset,budget,metric,participants,mean_difference,bootstrap_95_lower,bootstrap_95_upper
REV-E1_Exact_minus_ANN,soft_clif_exact,ann_sew_ce,bci2a,all,accuracy,9,0.06648662551440328,0.04758230452674896,0.08912037037037036
REV-E1_Exact_minus_ANN,soft_clif_exact,ann_sew_ce,bci2a,all,balanced_accuracy,9,0.06648662551440326,0.04745370370370366,0.08860596707818927
REV-E1_Exact_minus_ANN,soft_clif_exact,ann_sew_ce,bci2a,all,kappa,9,0.08864883401920437,0.06395318930041151,0.11831275720164605
REV-E1_Exact_minus_ANN,soft_clif_exact,ann_sew_ce,bci2a,all,macro_f1,9,0.06192983691632111,0.04217943639916872,0.08455299651717245
REV-E1_Exact_minus_ANN,soft_clif_exact,ann_sew_ce,bci2a,n25,accuracy,9,0.11085390946502054,0.09002057613168722,0.13245884773662547
REV-E1_Exact_minus_ANN,soft_clif_exact,ann_sew_ce,bci2a,n25,balanced_accuracy,9,0.11085390946502055,0.09027777777777779,0.13284465020576125
REV-E1_Exact_minus_ANN,soft_clif_exact,ann_sew_ce,bci2a,n25,kappa,9,0.1478052126200274,0.12105624142661177,0.17644032921810696
REV-E1_Exact_minus_ANN,soft_clif_exact,ann_sew_ce,bci2a,n25,macro_f1,9,0.10866369284635108,0.08676151170925443,0.1310215371197875
REV-E1_Exact_minus_ANN,soft_clif_exact,ann_sew_ce,bnci2014_004,all,accuracy,9,0.016534391534391544,0.0021990740740740846,0.03224206349206347
REV-E1_Exact_minus_ANN,soft_clif_exact,ann_sew_ce,bnci2014_004,all,balanced_accuracy,9,0.016534391534391544,0.0019675925925926162,0.032242063492063495
REV-E1_Exact_minus_ANN,soft_clif_exact,ann_sew_ce,bnci2014_004,all,kappa,9,0.03306878306878304,0.005318287037036984,0.06494708994708993
REV-E1_Exact_minus_ANN,soft_clif_exact,ann_sew_ce,bnci2014_004,all,macro_f1,9,0.012628304183510611,-0.0034960795499953267,0.030021730355205802
REV-E1_Exact_minus_ANN,soft_clif_exact,ann_sew_ce,bnci2014_004,n25,accuracy,9,0.0847883597883598,0.0350186011904762,0.1361111111111111
REV-E1_Exact_minus_ANN,soft_clif_exact,ann_sew_ce,bnci2014_004,n25,balanced_accuracy,9,0.08478835978835977,0.03624338624338626,0.13756613756613753
REV-E1_Exact_minus_ANN,soft_clif_exact,ann_sew_ce,bnci2014_004,n25,kappa,9,0.1695767195767196,0.07145916005291006,0.2726851851851852
REV-E1_Exact_minus_ANN,soft_clif_exact,ann_sew_ce,bnci2014_004,n25,macro_f1,9,0.07712530881370762,0.019234312240125624,0.13738908063065172
REV-E1_Exact_minus_ANN,soft_clif_exact,ann_sew_ce,openbmi,all,accuracy,54,0.049691358024691365,0.029382716049382716,0.07018518518518516
REV-E1_Exact_minus_ANN,soft_clif_exact,ann_sew_ce,openbmi,all,balanced_accuracy,54,0.04969135802469135,0.029382716049382713,0.07030864197530862
REV-E1_Exact_minus_ANN,soft_clif_exact,ann_sew_ce,openbmi,all,kappa,54,0.09938271604938273,0.05814814814814818,0.14111111111111113
REV-E1_Exact_minus_ANN,soft_clif_exact,ann_sew_ce,openbmi,all,macro_f1,54,0.04798664790197021,0.024089246707383518,0.07188398424037787
REV-E1_Exact_minus_ANN,soft_clif_exact,ann_sew_ce,openbmi,n25,accuracy,54,0.058086419753086406,0.036913580246913574,0.07975308641975308
REV-E1_Exact_minus_ANN,soft_clif_exact,ann_sew_ce,openbmi,n25,balanced_accuracy,54,0.058086419753086385,0.037037037037037035,0.07944444444444446
REV-E1_Exact_minus_ANN,soft_clif_exact,ann_sew_ce,openbmi,n25,kappa,54,0.11617283950617281,0.0737037037037037,0.16037037037037039
REV-E1_Exact_minus_ANN,soft_clif_exact,ann_sew_ce,openbmi,n25,macro_f1,54,0.05439371999519893,0.029999768547563574,0.0796753417360439
REV-E1_Hard_minus_Exact,sew_clif_ce,soft_clif_exact,bci2a,all,accuracy,9,0.007716049382716059,-0.0021862139917695478,0.019936342592592606
REV-E1_Hard_minus_Exact,sew_clif_ce,soft_clif_exact,bci2a,all,balanced_accuracy,9,0.007716049382716059,-0.0020576131687243013,0.019804526748971214
REV-E1_Hard_minus_Exact,sew_clif_ce,soft_clif_exact,bci2a,all,kappa,9,0.010288065843621408,-0.0030864197530864335,0.02674897119341564
REV-E1_Hard_minus_Exact,sew_clif_ce,soft_clif_exact,bci2a,all,macro_f1,9,0.00952985749744939,-0.001477181398845514,0.02217860317753172
REV-E1_Hard_minus_Exact,sew_clif_ce,soft_clif_exact,bci2a,n25,accuracy,9,0.012860082304526763,0.0007716049382716269,0.024819958847736665
REV-E1_Hard_minus_Exact,sew_clif_ce,soft_clif_exact,bci2a,n25,balanced_accuracy,9,0.012860082304526732,0.0005144032921810472,0.02469135802469132
REV-E1_Hard_minus_Exact,sew_clif_ce,soft_clif_exact,bci2a,n25,kappa,9,0.01714677640603568,0.0003429355281207025,0.033093278463648845
REV-E1_Hard_minus_Exact,sew_clif_ce,soft_clif_exact,bci2a,n25,macro_f1,9,0.009961297408740084,-0.004507886307325577,0.023338554713298994
REV-E1_Hard_minus_Exact,sew_clif_ce,soft_clif_exact,bnci2014_004,all,accuracy,9,-0.01921296296296295,-0.03425925925925924,-0.006365740740740749
REV-E1_Hard_minus_Exact,sew_clif_ce,soft_clif_exact,bnci2014_004,all,balanced_accuracy,9,-0.01921296296296294,-0.03414351851851847,-0.006481481481481507
REV-E1_Hard_minus_Exact,sew_clif_ce,soft_clif_exact,bnci2014_004,all,kappa,9,-0.03842592592592589,-0.06806134259259257,-0.012731481481481436
REV-E1_Hard_minus_Exact,sew_clif_ce,soft_clif_exact,bnci2014_004,all,macro_f1,9,-0.016626613915136017,-0.03220462163718243,-0.0027716880588715825
REV-E1_Hard_minus_Exact,sew_clif_ce,soft_clif_exact,bnci2014_004,n25,accuracy,9,-0.0039847883597883705,-0.017296213624338617,0.006317377645502592
REV-E1_Hard_minus_Exact,sew_clif_ce,soft_clif_exact,bnci2014_004,n25,balanced_accuracy,9,-0.003984788359788333,-0.016947751322751232,0.006367394179894163
REV-E1_Hard_minus_Exact,sew_clif_ce,soft_clif_exact,bnci2014_004,n25,kappa,9,-0.007969576719576701,-0.03482390873015871,0.01286375661375663
REV-E1_Hard_minus_Exact,sew_clif_ce,soft_clif_exact,bnci2014_004,n25,macro_f1,9,0.00550897671147737,-0.01191126161306782,0.021713068566547183
REV-E1_Hard_minus_Exact,sew_clif_ce,soft_clif_exact,openbmi,all,accuracy,54,0.007345679012345683,-0.0006172839506172818,0.015432098765432096
REV-E1_Hard_minus_Exact,sew_clif_ce,soft_clif_exact,openbmi,all,balanced_accuracy,54,0.007345679012345683,-0.0005555555555555582,0.01549382716049383
REV-E1_Hard_minus_Exact,sew_clif_ce,soft_clif_exact,openbmi,all,kappa,54,0.014691358024691358,-0.0012345679012345694,0.030740740740740735
REV-E1_Hard_minus_Exact,sew_clif_ce,soft_clif_exact,openbmi,all,macro_f1,54,0.007704389028276198,-0.0029718614374964094,0.018536660818014146
REV-E1_Hard_minus_Exact,sew_clif_ce,soft_clif_exact,openbmi,n25,accuracy,54,0.012654320987654332,0.004691358024691379,0.02086419753086421
REV-E1_Hard_minus_Exact,sew_clif_ce,soft_clif_exact,openbmi,n25,balanced_accuracy,54,0.012654320987654335,0.0048765432098765785,0.02104938271604937
REV-E1_Hard_minus_Exact,sew_clif_ce,soft_clif_exact,openbmi,n25,kappa,54,0.02530864197530866,0.009135802469135815,0.04185185185185186
REV-E1_Hard_minus_Exact,sew_clif_ce,soft_clif_exact,openbmi,n25,macro_f1,54,0.016327267671809483,0.004312527278990825,0.029045662357075598
REV-E2_Hard_minus_GRUStat,sew_clif_ce,gru_stat,bci2a,all,accuracy,9,-0.005272633744855993,-0.012217078189300413,0.001286008230452662
REV-E2_Hard_minus_GRUStat,sew_clif_ce,gru_stat,bci2a,all,balanced_accuracy,9,-0.0052726337448560185,-0.012345679012345722,0.0012860082304526376
REV-E2_Hard_minus_GRUStat,sew_clif_ce,gru_stat,bci2a,all,kappa,9,-0.007030178326474629,-0.016289437585733917,0.0015432098765432167
REV-E2_Hard_minus_GRUStat,sew_clif_ce,gru_stat,bci2a,all,macro_f1,9,-0.005590941408118024,-0.012927595647870823,0.0014625560146984946
REV-E2_Hard_minus_GRUStat,sew_clif_ce,gru_stat,bci2a,n25,accuracy,9,-0.001929012345678987,-0.013503086419753056,0.011316872427983547
REV-E2_Hard_minus_GRUStat,sew_clif_ce,gru_stat,bci2a,n25,balanced_accuracy,9,-0.0019290123456790116,-0.014017489711934136,0.010931069958847746
REV-E2_Hard_minus_GRUStat,sew_clif_ce,gru_stat,bci2a,n25,kappa,9,-0.0025720164609053736,-0.01851851851851856,0.014917695473251027
REV-E2_Hard_minus_GRUStat,sew_clif_ce,gru_stat,bci2a,n25,macro_f1,9,-0.0053214150752915156,-0.02024937576503176,0.010674312791569298
REV-E2_Hard_minus_GRUStat,sew_clif_ce,gru_stat,bnci2014_004,all,accuracy,9,-0.015327380952380966,-0.023263888888888935,-0.006860945767195823
REV-E2_Hard_minus_GRUStat,sew_clif_ce,gru_stat,bnci2014_004,all,balanced_accuracy,9,-0.015327380952380966,-0.023263888888888924,-0.006927910052910071
REV-E2_Hard_minus_GRUStat,sew_clif_ce,gru_stat,bnci2014_004,all,kappa,9,-0.0306547619047619,-0.04675925925925925,-0.013822751322751315
REV-E2_Hard_minus_GRUStat,sew_clif_ce,gru_stat,bnci2014_004,all,macro_f1,9,-0.01583480988325327,-0.024395894527347643,-0.006639681851848175
REV-E2_Hard_minus_GRUStat,sew_clif_ce,gru_stat,bnci2014_004,n25,accuracy,9,-0.008134920634920606,-0.018518518518518465,0.0019675925925926162
REV-E2_Hard_minus_GRUStat,sew_clif_ce,gru_stat,bnci2014_004,n25,balanced_accuracy,9,-0.008134920634920594,-0.01863425925925921,0.0019675925925926162
REV-E2_Hard_minus_GRUStat,sew_clif_ce,gru_stat,bnci2014_004,n25,kappa,9,-0.01626984126984122,-0.03733465608465603,0.0039351851851852325
REV-E2_Hard_minus_GRUStat,sew_clif_ce,gru_stat,bnci2014_004,n25,macro_f1,9,-0.007802052168421515,-0.018941034153106426,0.0025920975923663814
REV-E2_Hard_minus_GRUStat,sew_clif_ce,gru_stat,openbmi,all,accuracy,54,0.0054320987654320925,-0.0004938271604938458,0.011728395061728387
REV-E2_Hard_minus_GRUStat,sew_clif_ce,gru_stat,openbmi,all,balanced_accuracy,54,0.005432098765432095,-0.000495370370370382,0.011666666666666672
REV-E2_Hard_minus_GRUStat,sew_clif_ce,gru_stat,openbmi,all,kappa,54,0.010864197530864192,-0.001111111111111118,0.023209876543209867
REV-E2_Hard_minus_GRUStat,sew_clif_ce,gru_stat,openbmi,all,macro_f1,54,0.004465465804285914,-0.0024045015462838388,0.011467798420275765
REV-E2_Hard_minus_GRUStat,sew_clif_ce,gru_stat,openbmi,n25,accuracy,54,0.007901234567901231,0.0014814814814814838,0.014444444444444447
REV-E2_Hard_minus_GRUStat,sew_clif_ce,gru_stat,openbmi,n25,balanced_accuracy,54,0.007901234567901252,0.0014197530864197797,0.01425925925925929
REV-E2_Hard_minus_GRUStat,sew_clif_ce,gru_stat,openbmi,n25,kappa,54,0.015802469135802473,0.002716049382716051,0.02839506172839507
REV-E2_Hard_minus_GRUStat,sew_clif_ce,gru_stat,openbmi,n25,macro_f1,54,0.010165848212822456,0.0022122183275123846,0.017872093710463225
REV-E2_Hard_minus_TCNStat,sew_clif_ce,tcn_stat,bci2a,all,accuracy,9,-0.0030864197530863966,-0.00977366255144031,0.0033436213991769634
REV-E2_Hard_minus_TCNStat,sew_clif_ce,tcn_stat,bci2a,all,balanced_accuracy,9,-0.0030864197530863966,-0.009773662551440323,0.0034722222222222593
REV-E2_Hard_minus_TCNStat,sew_clif_ce,tcn_stat,bci2a,all,kappa,9,-0.004115226337448565,-0.013031550068587127,0.004629629629629644
REV-E2_Hard_minus_TCNStat,sew_clif_ce,tcn_stat,bci2a,all,macro_f1,9,-0.0014902410088747252,-0.008584636368590673,0.004889867225523224
REV-E2_Hard_minus_TCNStat,sew_clif_ce,tcn_stat,bci2a,n25,accuracy,9,-0.003858024691358023,-0.016460905349794237,0.007844650205761318
REV-E2_Hard_minus_TCNStat,sew_clif_ce,tcn_stat,bci2a,n25,balanced_accuracy,9,-0.003858024691358042,-0.016332304526748935,0.008230452674897058
REV-E2_Hard_minus_TCNStat,sew_clif_ce,tcn_stat,bci2a,n25,kappa,9,-0.00514403292181071,-0.021947873799725667,0.010631001371742086
REV-E2_Hard_minus_TCNStat,sew_clif_ce,tcn_stat,bci2a,n25,macro_f1,9,-0.007367176605182903,-0.021953295161867198,0.006723343185812694
REV-E2_Hard_minus_TCNStat,sew_clif_ce,tcn_stat,bnci2014_004,all,accuracy,9,-0.00689484126984127,-0.016668320105820113,0.0021168154761904623
REV-E2_Hard_minus_TCNStat,sew_clif_ce,tcn_stat,bnci2014_004,all,balanced_accuracy,9,-0.006894841269841245,-0.016782407407407354,0.002066798941798947
REV-E2_Hard_minus_TCNStat,sew_clif_ce,tcn_stat,bnci2014_004,all,kappa,9,-0.01378968253968252,-0.03379960317460316,0.004034391534391557
REV-E2_Hard_minus_TCNStat,sew_clif_ce,tcn_stat,bnci2014_004,all,macro_f1,9,-0.007296724235222941,-0.017113656792513865,0.0016418583456607723
REV-E2_Hard_minus_TCNStat,sew_clif_ce,tcn_stat,bnci2014_004,n25,accuracy,9,-0.001984126984126965,-0.013888888888888864,0.010879629629629677
REV-E2_Hard_minus_TCNStat,sew_clif_ce,tcn_stat,bnci2014_004,n25,balanced_accuracy,9,-0.001984126984126977,-0.014004629629629636,0.010284391534391547
REV-E2_Hard_minus_TCNStat,sew_clif_ce,tcn_stat,bnci2014_004,n25,kappa,9,-0.00396825396825397,-0.02777777777777776,0.021032572751322743
REV-E2_Hard_minus_TCNStat,sew_clif_ce,tcn_stat,bnci2014_004,n25,macro_f1,9,-0.004150167190844101,-0.017387217154721323,0.00953133149117259
REV-E2_Hard_minus_TCNStat,sew_clif_ce,tcn_stat,openbmi,all,accuracy,54,0.00561728395061728,-0.0011111111111111152,0.012283950617283941
REV-E2_Hard_minus_TCNStat,sew_clif_ce,tcn_stat,openbmi,all,balanced_accuracy,54,0.005617283950617282,-0.0010493827160493812,0.012345679012345668
REV-E2_Hard_minus_TCNStat,sew_clif_ce,tcn_stat,openbmi,all,kappa,54,0.011234567901234558,-0.0023456790123456725,0.02407407407407407
REV-E2_Hard_minus_TCNStat,sew_clif_ce,tcn_stat,openbmi,all,macro_f1,54,0.005213773059590084,-0.0028936659418983294,0.013159145098311956
REV-E2_Hard_minus_TCNStat,sew_clif_ce,tcn_stat,openbmi,n25,accuracy,54,0.009999999999999993,0.003023148148148136,0.017222222222222215
REV-E2_Hard_minus_TCNStat,sew_clif_ce,tcn_stat,openbmi,n25,balanced_accuracy,54,0.010000000000000005,0.002962962962962969,0.01722222222222223
REV-E2_Hard_minus_TCNStat,sew_clif_ce,tcn_stat,openbmi,n25,kappa,54,0.020000000000000004,0.006172839506172854,0.034567901234567905
REV-E2_Hard_minus_TCNStat,sew_clif_ce,tcn_stat,openbmi,n25,macro_f1,54,0.01298316561311255,0.003819162016270929,0.02197905701078303
REV-E3_HardEqual_minus_ANNEqual,sew_clif_equal,ann_sew_equal,bci2a,all,accuracy,9,0.07355967078189303,0.058384773662551445,0.08963477366255149
REV-E3_HardEqual_minus_ANNEqual,sew_clif_equal,ann_sew_equal,bci2a,all,balanced_accuracy,9,0.07355967078189302,0.05864197530864194,0.08937757201646097
REV-E3_HardEqual_minus_ANNEqual,sew_clif_equal,ann_sew_equal,bci2a,all,kappa,9,0.098079561042524,0.07784207818930039,0.11917009602194788
REV-E3_HardEqual_minus_ANNEqual,sew_clif_equal,ann_sew_equal,bci2a,all,macro_f1,9,0.07146647840975984,0.05632212236102504,0.08754045583994169
REV-E3_HardEqual_minus_ANNEqual,sew_clif_equal,ann_sew_equal,bci2a,n25,accuracy,9,0.11664094650205763,0.09375,0.14081790123456792
REV-E3_HardEqual_minus_ANNEqual,sew_clif_equal,ann_sew_equal,bci2a,n25,balanced_accuracy,9,0.11664094650205763,0.09400720164609051,0.1404320987654321
REV-E3_HardEqual_minus_ANNEqual,sew_clif_equal,ann_sew_equal,bci2a,n25,kappa,9,0.1555212620027435,0.12568587105624138,0.18775720164609055
REV-E3_HardEqual_minus_ANNEqual,sew_clif_equal,ann_sew_equal,bci2a,n25,macro_f1,9,0.11213703638265339,0.08605716749332702,0.13815010103901354
REV-E3_HardEqual_minus_ANNEqual,sew_clif_equal,ann_sew_equal,bci2a,n50,accuracy,9,0.08474794238683125,0.07111625514403287,0.09863683127572019
REV-E3_HardEqual_minus_ANNEqual,sew_clif_equal,ann_sew_equal,bci2a,n50,balanced_accuracy,9,0.08474794238683125,0.07073045267489711,0.09850823045267486
REV-E3_HardEqual_minus_ANNEqual,sew_clif_equal,ann_sew_equal,bci2a,n50,kappa,9,0.11299725651577501,0.09430727023319613,0.13151577503429346
REV-E3_HardEqual_minus_ANNEqual,sew_clif_equal,ann_sew_equal,bci2a,n50,macro_f1,9,0.07924730488890447,0.06439452061299651,0.09496153742565569
REV-E3_HardEqual_minus_ANNEqual,sew_clif_equal,ann_sew_equal,bnci2014_004,all,accuracy,9,0.012929894179894189,0.005555555555555597,0.02007275132275135
REV-E3_HardEqual_minus_ANNEqual,sew_clif_equal,ann_sew_equal,bnci2014_004,all,balanced_accuracy,9,0.012929894179894165,0.005753968253968215,0.020155423280423284
REV-E3_HardEqual_minus_ANNEqual,sew_clif_equal,ann_sew_equal,bnci2014_004,all,kappa,9,0.025859788359788374,0.011574074074074141,0.04008101851851852
REV-E3_HardEqual_minus_ANNEqual,sew_clif_equal,ann_sew_equal,bnci2014_004,all,macro_f1,9,0.0116489633259143,0.004700444820054523,0.018205197205013443
REV-E3_HardEqual_minus_ANNEqual,sew_clif_equal,ann_sew_equal,bnci2014_004,n100,accuracy,9,0.014021164021163983,-4.9343245538895844e-17,0.029976851851851814
REV-E3_HardEqual_minus_ANNEqual,sew_clif_equal,ann_sew_equal,bnci2014_004,n100,balanced_accuracy,9,0.014021164021163983,-9.92063492063982e-05,0.0297457837301587
REV-E3_HardEqual_minus_ANNEqual,sew_clif_equal,ann_sew_equal,bnci2014_004,n100,kappa,9,0.02804232804232805,-0.00016617063492067101,0.05972222222222226
REV-E3_HardEqual_minus_ANNEqual,sew_clif_equal,ann_sew_equal,bnci2014_004,n100,macro_f1,9,0.0132400176222184,-0.0010415486886993586,0.029155530646735026
REV-E3_HardEqual_minus_ANNEqual,sew_clif_equal,ann_sew_equal,bnci2014_004,n25,accuracy,9,0.07881944444444444,0.039236111111111104,0.1166666666666667
REV-E3_HardEqual_minus_ANNEqual,sew_clif_equal,ann_sew_equal,bnci2014_004,n25,balanced_accuracy,9,0.07881944444444444,0.039236111111111104,0.11724537037037042
REV-E3_HardEqual_minus_ANNEqual,sew_clif_equal,ann_sew_equal,bnci2014_004,n25,kappa,9,0.1576388888888889,0.07661458333333332,0.23357060185185183
REV-E3_HardEqual_minus_ANNEqual,sew_clif_equal,ann_sew_equal,bnci2014_004,n25,macro_f1,9,0.08030464659451048,0.041949957081592,0.1173477418649068
REV-E3_HardEqual_minus_ANNEqual,sew_clif_equal,ann_sew_equal,bnci2014_004,n50,accuracy,9,0.05317460317460317,0.018220899470899457,0.09137028769841272
REV-E3_HardEqual_minus_ANNEqual,sew_clif_equal,ann_sew_equal,bnci2014_004,n50,balanced_accuracy,9,0.05317460317460318,0.01843336640211638,0.09252934854497356
REV-E3_HardEqual_minus_ANNEqual,sew_clif_equal,ann_sew_equal,bnci2014_004,n50,kappa,9,0.10634920634920635,0.03621031746031745,0.1833358134920634
REV-E3_HardEqual_minus_ANNEqual,sew_clif_equal,ann_sew_equal,bnci2014_004,n50,macro_f1,9,0.05387099240708468,0.01778697562859351,0.09469712792695206
REV-E3_HardEqual_minus_ANNEqual,sew_clif_equal,ann_sew_equal,openbmi,all,accuracy,54,0.05518518518518518,0.037345679012345694,0.0736435185185185
REV-E3_HardEqual_minus_ANNEqual,sew_clif_equal,ann_sew_equal,openbmi,all,balanced_accuracy,54,0.05518518518518515,0.03728395061728394,0.07376697530864194
REV-E3_HardEqual_minus_ANNEqual,sew_clif_equal,ann_sew_equal,openbmi,all,kappa,54,0.11037037037037035,0.07432098765432099,0.14629629629629626
REV-E3_HardEqual_minus_ANNEqual,sew_clif_equal,ann_sew_equal,openbmi,all,macro_f1,54,0.0546146628543069,0.03445825031994718,0.07480989420261142
REV-E3_HardEqual_minus_ANNEqual,sew_clif_equal,ann_sew_equal,openbmi,n25,accuracy,54,0.06660493827160495,0.04876388888888889,0.08537037037037037
REV-E3_HardEqual_minus_ANNEqual,sew_clif_equal,ann_sew_equal,openbmi,n25,balanced_accuracy,54,0.06660493827160494,0.04851851851851849,0.08543209876543205
REV-E3_HardEqual_minus_ANNEqual,sew_clif_equal,ann_sew_equal,openbmi,n25,kappa,54,0.13320987654320987,0.09728395061728394,0.1702469135802469
REV-E3_HardEqual_minus_ANNEqual,sew_clif_equal,ann_sew_equal,openbmi,n25,macro_f1,54,0.06366194761912221,0.042435157363736785,0.08520895952409384
